{
  "centered_results": {
    "agi_eval_lsat_ar": 0.1195651888847351,
    "arc_challenge": -1.9868214925130207e-08,
    "arc_easy": 0.18350168069203696,
    "bigbench_cs_algorithms": 0.17878787219524384,
    "bigbench_dyck_languages": 0.09800000488758087,
    "bigbench_language_identification": 0.1792079114546739,
    "bigbench_operators": 0.02380952425301075,
    "bigbench_qa_wikidata": 0.035578954964876175,
    "bigbench_repeat_copy_logic": 0.0,
    "boolq": -0.2401416113502101,
    "commonsense_qa": 0.046887792646884904,
    "copa": 0.039999961853027344,
    "coqa": 0.006764374207705259,
    "hellaswag": 0.05662882328033447,
    "hellaswag_zeroshot": 0.06764920552571614,
    "jeopardy": 0.0014170996146276593,
    "lambada_openai": 0.04812730476260185,
    "openbook_qa": -0.013333320617675781,
    "piqa": 0.15886831283569336,
    "squad": 0.0025543991941958666,
    "winograd": 0.04761910438537598,
    "winogrande": 0.011838912963867188
  },
  "max_per_task": -1,
  "model_slug": "base_model_004357",
  "progress_version": 1,
  "results": {
    "agi_eval_lsat_ar": 0.2956521511077881,
    "arc_challenge": 0.2499999850988388,
    "arc_easy": 0.3876262605190277,
    "bigbench_cs_algorithms": 0.17878787219524384,
    "bigbench_dyck_languages": 0.09800000488758087,
    "bigbench_language_identification": 0.2538999915122986,
    "bigbench_operators": 0.02380952425301075,
    "bigbench_qa_wikidata": 0.035578954964876175,
    "bigbench_repeat_copy_logic": 0.0,
    "boolq": 0.5287461876869202,
    "commonsense_qa": 0.23751023411750793,
    "copa": 0.5199999809265137,
    "coqa": 0.006764374207705259,
    "hellaswag": 0.29247161746025085,
    "hellaswag_zeroshot": 0.3007369041442871,
    "jeopardy": 0.0014170996146276593,
    "lambada_openai": 0.04812730476260185,
    "openbook_qa": 0.24000000953674316,
    "piqa": 0.5794341564178467,
    "squad": 0.0025543991941958666,
    "winograd": 0.523809552192688,
    "winogrande": 0.5059194564819336
  },
  "tasks_completed": 22,
  "tasks_total": 22
}