{
  "centered_results": {
    "agi_eval_lsat_ar": 0.07065216451883315,
    "arc_challenge": 0.12741752465566,
    "arc_easy": 0.5465768973032633,
    "bigbench_cs_algorithms": 0.4007575511932373,
    "bigbench_dyck_languages": 0.0990000069141388,
    "bigbench_language_identification": 0.17601758759669606,
    "bigbench_operators": 0.16190476715564728,
    "bigbench_qa_wikidata": 0.4817676246166229,
    "bigbench_repeat_copy_logic": 0.0,
    "boolq": -0.07516505216297349,
    "commonsense_qa": 0.19021293520927426,
    "copa": 0.3799999952316284,
    "coqa": 0.20255543291568756,
    "hellaswag": 0.24782578150431314,
    "hellaswag_zeroshot": 0.2652194102605184,
    "jeopardy": 0.07085498422384262,
    "lambada_openai": 0.3842421770095825,
    "openbook_qa": 0.1226666768391927,
    "piqa": 0.364526629447937,
    "squad": 0.0799432322382927,
    "winograd": 0.23076927661895752,
    "winogrande": 0.060773491859436035
  },
  "max_per_task": -1,
  "model_slug": "base_model_004357",
  "progress_version": 1,
  "results": {
    "agi_eval_lsat_ar": 0.25652173161506653,
    "arc_challenge": 0.345563143491745,
    "arc_easy": 0.6599326729774475,
    "bigbench_cs_algorithms": 0.4007575511932373,
    "bigbench_dyck_languages": 0.0990000069141388,
    "bigbench_language_identification": 0.25099998712539673,
    "bigbench_operators": 0.16190476715564728,
    "bigbench_qa_wikidata": 0.4817676246166229,
    "bigbench_repeat_copy_logic": 0.0,
    "boolq": 0.5914372801780701,
    "commonsense_qa": 0.35217034816741943,
    "copa": 0.6899999976158142,
    "coqa": 0.20255543291568756,
    "hellaswag": 0.43586933612823486,
    "hellaswag_zeroshot": 0.4489145576953888,
    "jeopardy": 0.07085498422384262,
    "lambada_openai": 0.3842421770095825,
    "openbook_qa": 0.34200000762939453,
    "piqa": 0.6822633147239685,
    "squad": 0.0799432322382927,
    "winograd": 0.6153846383094788,
    "winogrande": 0.530386745929718
  },
  "tasks_completed": 22,
  "tasks_total": 22
}