{
  "centered_results": {
    "agi_eval_lsat_ar": 0.04347823932766913,
    "arc_challenge": 0.14448233445485434,
    "arc_easy": 0.5465768973032633,
    "bigbench_cs_algorithms": 0.3840909004211426,
    "bigbench_dyck_languages": 0.12600000202655792,
    "bigbench_language_identification": 0.17711771623005043,
    "bigbench_operators": 0.1666666716337204,
    "bigbench_qa_wikidata": 0.4816199839115143,
    "bigbench_repeat_copy_logic": 0.03125,
    "boolq": -0.041364983508461385,
    "commonsense_qa": 0.03255527839064597,
    "copa": 0.24000000953674316,
    "coqa": 0.2068144828081131,
    "hellaswag": 0.25459734598795575,
    "hellaswag_zeroshot": 0.2763725519180298,
    "jeopardy": 0.05857345089316368,
    "lambada_openai": 0.3867649734020233,
    "openbook_qa": 0.14666668574015299,
    "piqa": 0.35255706310272217,
    "squad": 0.021948911249637604,
    "winograd": 0.3333333730697632,
    "winogrande": 0.11286497116088867
  },
  "max_per_task": -1,
  "model_slug": "base_model_004357",
  "progress_version": 1,
  "results": {
    "agi_eval_lsat_ar": 0.23478259146213531,
    "arc_challenge": 0.35836175084114075,
    "arc_easy": 0.6599326729774475,
    "bigbench_cs_algorithms": 0.3840909004211426,
    "bigbench_dyck_languages": 0.12600000202655792,
    "bigbench_language_identification": 0.25200000405311584,
    "bigbench_operators": 0.1666666716337204,
    "bigbench_qa_wikidata": 0.4816199839115143,
    "bigbench_repeat_copy_logic": 0.03125,
    "boolq": 0.6042813062667847,
    "commonsense_qa": 0.22604422271251678,
    "copa": 0.6200000047683716,
    "coqa": 0.2068144828081131,
    "hellaswag": 0.4409480094909668,
    "hellaswag_zeroshot": 0.45727941393852234,
    "jeopardy": 0.05857345089316368,
    "lambada_openai": 0.3867649734020233,
    "openbook_qa": 0.36000001430511475,
    "piqa": 0.6762785315513611,
    "squad": 0.021948911249637604,
    "winograd": 0.6666666865348816,
    "winogrande": 0.5564324855804443
  },
  "tasks_completed": 22,
  "tasks_total": 22
}